{
  "Records": [
      {
          "messageId": "1",
          "receiptHandle": "AQEBwJnKyrHigUMZj6rYigCgxlaS3SLy0a...",
          "body": "{\"Message\": \"{\\\"companyName\\\":\\\"DMA DISTRIBUIDORA S/A\\\",\\\"cnpj\\\":\\\"01.928.075/0078-89\\\",\\\"stateRegistration\\\":\\\"062678368.60-18\\\",\\\"address\\\":{\\\"street\\\":\\\"AV. MIGUEL PERRELA\\\",\\\"number\\\":\\\"000987\\\",\\\"neighborhood\\\":\\\"CASTELO\\\",\\\"zipCode\\\":\\\"31330-290\\\",\\\"city\\\":\\\"BELO HORIZONTE\\\",\\\"state\\\":\\\"MG\\\",\\\"lat\\\":\\\"-19.87811\\\",\\\"lng\\\":\\\"-43.99649\\\"},\\\"products\\\":[{\\\"product\\\":\\\"BANANAPRATAESP. kg\\\",\\\"code\\\":\\\"32787\\\",\\\"quantity\\\":0.495,\\\"unit\\\":\\\"kg\\\",\\\"price\\\":2.96},{\\\"product\\\":\\\"OVOS BCO.IANA\\\",\\\"code\\\":\\\"93624\\\",\\\"quantity\\\":1,\\\"unit\\\":\\\"UN\\\",\\\"price\\\":9.98},{\\\"product\\\":\\\"LIMAOTHAITIESP. kg\\\",\\\"code\\\":\\\"32844\\\",\\\"quantity\\\":0.65,\\\"unit\\\":\\\"kg\\\",\\\"price\\\":1.94},{\\\"product\\\":\\\"BAT.INGLESA ESP.kg\\\",\\\"code\\\":\\\"33176\\\",\\\"quantity\\\":1.075,\\\"unit\\\":\\\"kg\\\",\\\"price\\\":6.43},{\\\"product\\\":\\\"TOMATE ANDREA kg\\\",\\\"code\\\":\\\"37163\\\",\\\"quantity\\\":0.705,\\\"unit\\\":\\\"kg\\\",\\\"price\\\":6.33},{\\\"product\\\":\\\"CENOURAVERM.ESP.kg\\\",\\\"code\\\":\\\"33195\\\",\\\"quantity\\\":0.285,\\\"unit\\\":\\\"kg\\\",\\\"price\\\":2.56},{\\\"product\\\":\\\"ALF.CR.FOLHOSA UN\\\",\\\"code\\\":\\\"88702\\\",\\\"quantity\\\":1,\\\"unit\\\":\\\"UN\\\",\\\"price\\\":3.98},{\\\"product\\\":\\\"CEBOLAROXAESP. kg\\\",\\\"code\\\":\\\"33439\\\",\\\"quantity\\\":0.665,\\\"unit\\\":\\\"kg\\\",\\\"price\\\":11.29},{\\\"product\\\":\\\"CEBOLAAMAR.ESP kg\\\",\\\"code\\\":\\\"33434\\\",\\\"quantity\\\":0.155,\\\"unit\\\":\\\"kg\\\",\\\"price\\\":1.55},{\\\"product\\\":\\\"MAMAO HAVAI ESP.KG\\\",\\\"code\\\":\\\"32864\\\",\\\"quantity\\\":0.89,\\\"unit\\\":\\\"kg\\\",\\\"price\\\":17.78},{\\\"product\\\":\\\"LOM.SUI.RES.FAT.kg\\\",\\\"code\\\":\\\"30232\\\",\\\"quantity\\\":0.422,\\\"unit\\\":\\\"kg\\\",\\\"price\\\":11.31},{\\\"product\\\":\\\"LOM.SUI.RES.FAT.kg\\\",\\\"code\\\":\\\"30232\\\",\\\"quantity\\\":0.43,\\\"unit\\\":\\\"kg\\\",\\\"price\\\":11.52},{\\\"product\\\":\\\"FILE P.FGO.AVI.1KG\\\",\\\"code\\\":\\\"102575\\\",\\\"quantity\\\":2,\\\"unit\\\":\\\"UN\\\",\\\"price\\\":33.6},{\\\"product\\\":\\\"MANGA PALMER ES.kg\\\",\\\"code\\\":\\\"32874\\\",\\\"quantity\\\":0.745,\\\"unit\\\":\\\"kg\\\",\\\"price\\\":5.57},{\\\"product\\\":\\\"PATINHO BOV.BIFE K\\\",\\\"code\\\":\\\"46312\\\",\\\"quantity\\\":1.176,\\\"unit\\\":\\\"kg\\\",\\\"price\\\":46.8},{\\\"product\\\":\\\"LIN.TP.CAL.TR.400G\\\",\\\"code\\\":\\\"154904\\\",\\\"quantity\\\":1,\\\"unit\\\":\\\"PT\\\",\\\"price\\\":13.8},{\\\"product\\\":\\\"FIL.TIL.B.FRE.800G\\\",\\\"code\\\":\\\"103252\\\",\\\"quantity\\\":1,\\\"unit\\\":\\\"PT\\\",\\\"price\\\":47.8}],\\\"additionalInformation\\\":{\\\"totalItems\\\":17,\\\"totalValue\\\":235.2,\\\"valuePaid\\\":235.2,\\\"paymentMethod\\\":\\\"04 - Cartão de Débito\\\",\\\"accessKey\\\":\\\"31-24/05-01.928.075/0078-89-65-009-000.228.934-151.210.8756\\\",\\\"otherInformation\\\":\\\"20240502007800900592670\\\",\\\"date\\\":\\\"2024-07-08T01:12:00.898Z\\\"}}\"}",
          "attributes": {
              "ApproximateReceiveCount": "1",
              "SentTimestamp": "1594840000000",
              "SenderId": "AIDAIENQZJOLO23YVJ4VO",
              "ApproximateFirstReceiveTimestamp": "1594840000001"
          },
          "messageAttributes": {
              "AttributeOne": {
                  "stringValue": "Attribute Value",
                  "stringListValues": [],
                  "binaryListValues": [],
                  "dataType": "String"
              }
          },
          "md5OfBody": "7b270e59b47ff90a553787216d55d91d",
          "eventSource": "aws:sqs",
          "eventSourceARN": "arn:aws:sqs:us-east-1:123456789012:MyQueue",
          "awsRegion": "us-east-1"
      }
  ]
}
